model,accuracy,negative_f1,neutral_f1,positive_f1
TF-IDF + SVM,0.8370136698212408,0.8705882352941177,0.7893864013266998,0.8465266558966075
RoBERTa,0.6161934805467929,0.6581395348837209,0.09846153846153846,0.800557880055788
