,precision,recall,f1-score,support
negative,0.5319548872180451,0.8628048780487805,0.6581395348837209,328.0
neutral,0.5517241379310345,0.05405405405405406,0.09846153846153846,296.0
positive,0.735897435897436,0.8776758409785933,0.800557880055788,327.0
accuracy,0.6161934805467929,0.6161934805467929,0.6161934805467929,0.6161934805467929
macro avg,0.6065254870155051,0.5981782576938093,0.5190529844670158,951.0
weighted avg,0.6082334483423413,0.6161934805467929,0.5329093686695253,951.0
